{
	"poem": [
		{
			"item": "What is this life if, full of care,"
		},
		{
			"item": "We have no time to stand and stare."
		},
		{
			"item": "No time to stand beneath the boughs"
		},
		{
			"item": "And stare as long as sheep or cows."
		},
		{
			"item": "No time to see, when woods we pass,"
		},
		{
			"item": "Where squirrels hide their nuts in grass."
		},
		{
			"item": "No time to see, in broad day light,"
		},
		{
			"item": "Streams full of stars, like skies at night."
		},
		{
			"item": "No time to turn at beauty's glance,"
		},
		{
			"item": "And watch her feet, how they can dance."
		},
		{
			"item": "No time to wait till her mouth can"
		},
		{
			"item": "Enrich that smile her eyes began."
		},
		{
			"item": "A poor life this if, full of care,"
		},
		{
			"item": "We have no time to stand and stare."
		}
	]
}